#CHROM,POS,ID,REF,ALT,QUAL,sibling-1,sibling-2,AA
chr1,53495630,.,G,T,8283.63,0/1:240:99.00,0/1:213:99.00,-
chr1,55053290,.,T,C,1855.68,1/0:89:99.00,1/0:93:99.00,-
chr1,62448252,.,G,T,150.16,0/1:16:99.00,0/1:18:82.72,-
chr1,62448255,.,G,T,188.1,0/1:16:99.00,0/1:18:86.72,-
chr1,62448261,.,G,T,189.54,0/1:14:99.00,0/1:16:88.95,-
chr1,62448262,.,C,A,292.63,1/0:16:99.00,1/0:18:99.00,-
chr1,62689091,.,G,A,14222.22,1/0:354:99.00,1/0:378:99.00,-
chr1,62835875,.,C,G,2986.77,0/1:77:99.00,0/1:155:99.00,-
chr1,62835876,.,C,A,2057.43,1/0:77:99.00,1/0:154:99.00,-
chr1,62836210,.,G,T,835.49,0/1:38:99.00,0/1:42:99.00,-
chr1,64247576,.,T,G,327.39,1/0:234:99.00,1/0:225:99.00,-
chr1,76136268,.,A,G,6727.32,0/1:166:99.00,0/1:209:99.00,-
chr1,78873759,.,T,A,22831.91,1/0:593:99.00,1/0:772:99.00,-
